{"cameraMode":{"drawMode":0,"name":"Shaded","section":"Shading Mode"},"sceneLighting":true,"audioPlay":false,"sceneViewState":{"showFog":true,"showMaterialUpdate":false,"showSkybox":false,"showFlares":true,"showImageEffects":true,"showParticleSystems":true},"in2DMode":false,"pivot":{"x":-181.52685546875,"y":82.16130828857422,"z":330.35693359375},"rotation":{"x":0.04369836673140526,"y":-0.9382280707359314,"z":0.31770408153533938,"w":0.131321981549263},"size":59.34858322143555,"orthographic":false}