{"cameraMode":{"drawMode":0,"name":"Shaded","section":"Shading Mode"},"sceneLighting":false,"audioPlay":false,"sceneViewState":{"showFog":true,"showMaterialUpdate":false,"showSkybox":false,"showFlares":true,"showImageEffects":true,"showParticleSystems":true},"in2DMode":false,"pivot":{"x":70.6337890625,"y":12.600537300109864,"z":49.1162109375},"rotation":{"x":0.0033071183133870365,"y":-0.9467160105705261,"z":0.32332783937454226,"w":0.010803082026541233},"size":6.149454116821289,"orthographic":false}