{"cameraMode":{"drawMode":0,"name":"Shaded","section":"Shading Mode"},"sceneLighting":true,"audioPlay":false,"sceneViewState":{"showFog":true,"showMaterialUpdate":false,"showSkybox":false,"showFlares":true,"showImageEffects":true,"showParticleSystems":true},"in2DMode":false,"pivot":{"x":35.508487701416019,"y":6.150240898132324,"z":100.22013854980469},"rotation":{"x":-0.06194039806723595,"y":0.49223700165748598,"z":-0.03542027622461319,"w":-0.867721676826477},"size":4.805488586425781,"orthographic":false}