{"cameraMode":{"drawMode":0,"name":"Shaded","section":"Shading Mode"},"sceneLighting":false,"audioPlay":false,"sceneViewState":{"showFog":true,"showMaterialUpdate":false,"showSkybox":false,"showFlares":true,"showImageEffects":true,"showParticleSystems":true},"in2DMode":false,"pivot":{"x":99.90242004394531,"y":1.2597309350967408,"z":-10.510944366455079},"rotation":{"x":0.19034996628761292,"y":-0.5441849827766419,"z":0.12792453169822694,"w":0.8075152635574341},"size":4.653398036956787,"orthographic":false}