{"cameraMode":{"drawMode":0,"name":"Shaded","section":"Shading Mode"},"sceneLighting":true,"audioPlay":false,"sceneViewState":{"showFog":true,"showMaterialUpdate":false,"showSkybox":false,"showFlares":true,"showImageEffects":true,"showParticleSystems":true},"in2DMode":false,"pivot":{"x":237.25079345703126,"y":-8.52784538269043,"z":141.34420776367188},"rotation":{"x":-0.07990123331546784,"y":-0.9150092005729675,"z":0.3280998468399048,"w":-0.22148121893405915},"size":30.52613639831543,"orthographic":false}