{"cameraMode":{"drawMode":0,"name":"Shaded","section":"Shading Mode"},"sceneLighting":true,"audioPlay":false,"sceneViewState":{"showFog":true,"showMaterialUpdate":false,"showSkybox":false,"showFlares":true,"showImageEffects":true,"showParticleSystems":true},"in2DMode":false,"pivot":{"x":-145.1380615234375,"y":8.475041389465332,"z":117.59393310546875},"rotation":{"x":0.14102444052696229,"y":-0.8383102416992188,"z":0.2581608295440674,"w":0.45961493253707888},"size":53.61247634887695,"orthographic":false}