{"cameraMode":{"drawMode":0,"name":"Shaded","section":"Shading Mode"},"sceneLighting":true,"audioPlay":false,"sceneViewState":{"showFog":true,"showMaterialUpdate":false,"showSkybox":false,"showFlares":true,"showImageEffects":true,"showParticleSystems":true},"in2DMode":false,"pivot":{"x":-276.05059814453127,"y":319.5219421386719,"z":290.9704895019531},"rotation":{"x":0.09018339216709137,"y":-0.8969629406929016,"z":0.21776895225048066,"w":0.37448668479919436},"size":206.51512145996095,"orthographic":false}