{"cameraMode":{"drawMode":0,"name":"Shaded","section":"Shading Mode"},"sceneLighting":false,"audioPlay":false,"sceneViewState":{"showFog":true,"showMaterialUpdate":false,"showSkybox":false,"showFlares":true,"showImageEffects":true,"showParticleSystems":true},"in2DMode":false,"pivot":{"x":-7.300000190734863,"y":15.680000305175782,"z":-13.791583061218262},"rotation":{"x":0.1865028291940689,"y":-0.331491082906723,"z":0.06702233105897904,"w":0.9224153161048889},"size":2.128170967102051,"orthographic":false}